insert into account (account_id, first_name, last_name, SSN, username, password, birthdate, address, phone) values ('5132659241', 'Ignaz', 'Borrill', '344-03-1448', 'iborrill0', 'rZ4ZeD4ngM', '2001-11-01', '1062 Laurel Way', '894-862-5219');
insert into account (account_id, first_name, last_name, SSN, username, password, birthdate, address, phone) values ('5902691885', 'Ivie', 'Ferres', '699-84-6428', 'iferres1', 'uPW3FlCXv6', '2003-07-29', '650 Vernon Road', '891-921-0443');
insert into account (account_id, first_name, last_name, SSN, username, password, birthdate, address, phone) values ('5564390059', 'Delaney', 'Shera', '241-90-6803', 'dshera2', 'RbxsCAb8', '2002-01-08', '26 Summit Park', '514-838-9766');
insert into account (account_id, first_name, last_name, SSN, username, password, birthdate, address, phone) values ('2171209771', 'Lesly', 'Forsdike', '304-22-4164', 'lforsdike3', 'UyFlKypwxyz', '2003-10-23', '18 Clarendon Plaza', '263-360-6006');
insert into account (account_id, first_name, last_name, SSN, username, password, birthdate, address, phone) values ('3137641683', 'Helena', 'Peniello', '838-18-2527', 'user4', 'user4', '2001-01-08', '94965 Hanover Street', '944-238-9142');
insert into account (account_id, first_name, last_name, SSN, username, password, birthdate, address, phone) values ('4708060114', 'Gil', 'Derwin', '461-88-0716', 'gderwin5', 'P1PHcs', '2003-08-03', '03262 Straubel Alley', '323-550-4337');
insert into account (account_id, first_name, last_name, SSN, username, password, birthdate, address, phone) values ('9739199798', 'Darill', 'Proud', '361-47-9783', 'dproud6', '2IAnjSl3oMJ', '2000-12-26', '00 Brentwood Terrace', '845-485-2669');
insert into account (account_id, first_name, last_name, SSN, username, password, birthdate, address, phone) values ('7215357600', 'Rorie', 'McNeilly', '665-59-3916', 'user3.2', 'user3.2', '2001-07-09', '44794 Meadow Ridge Park', '511-596-0234');
insert into account (account_id, first_name, last_name, SSN, username, password, birthdate, address, phone) values ('7053741346', 'Aili', 'Brennon', '426-20-8267', 'user3.1', 'user3.1', '2001-10-03', '383 7th Plaza', '410-500-6823');
insert into account (account_id, first_name, last_name, SSN, username, password, birthdate, address, phone) values ('5724528932', 'Mill', 'Brough', '825-48-5876', 'user3.0', 'user3.0', '2003-02-18', '7 Prairie Rose Parkway', '903-404-5371');
insert into account (account_id, first_name, last_name, SSN, username, password, birthdate, address, phone) values ('7066730070', 'Chick', 'Gaitone', '129-60-6058', 'cgaitonea', 'V99piW', '2003-12-05', '31 Pleasure Crossing', '493-897-8493');
insert into account (account_id, first_name, last_name, SSN, username, password, birthdate, address, phone) values ('6826867346', 'Irene', 'Langland', '782-72-1462', 'ilanglandb', 'NIwJk3', '2002-04-12', '72 Dawn Road', '254-402-8587');
insert into account (account_id, first_name, last_name, SSN, username, password, birthdate, address, phone) values ('5588752333', 'Donny', 'Veryan', '711-08-5588', 'dveryanc', 'spgxzY4YPi1', '2002-05-11', '2985 Dennis Lane', '489-846-5920');
insert into account (account_id, first_name, last_name, SSN, username, password, birthdate, address, phone) values ('7887235359', 'Dino', 'Giorgi', '141-50-2305', 'dgiorgid', 'HtwR3vCu', '2003-09-12', '7 Nancy Court', '993-446-4120');
insert into account (account_id, first_name, last_name, SSN, username, password, birthdate, address, phone) values ('9523577158', 'Tallie', 'Corbyn', '850-39-6843', 'user2', 'user2', '2002-07-31', '41 Hayes Court', '285-883-9066');
insert into account (account_id, first_name, last_name, SSN, username, password, birthdate, address, phone) values ('4471337491', 'Daren', 'L''argent', '726-63-8962', 'alargentf', '9annCVy6g', '2000-11-05', '361 Grim Center', '875-431-1919');
insert into account (account_id, first_name, last_name, SSN, username, password, birthdate, address, phone) values ('7416758300', 'Linnet', 'Samweyes', '164-18-9830', 'lsamweyesg', 'vMv6JfEagdkc', '2000-10-26', '34533 Bluejay Circle', '379-409-0527');
insert into account (account_id, first_name, last_name, SSN, username, password, birthdate, address, phone) values ('3325115756', 'Erica', 'Stemson', '466-97-6115', 'estemsonh', '3u4DlRDsxf', '2003-02-08', '77627 Rieder Parkway', '806-607-9477');
insert into account (account_id, first_name, last_name, SSN, username, password, birthdate, address, phone) values ('5519434859', 'Bartholomeo', 'Kilmister', '875-90-9464', 'bkilmisteri', 'X67OYM', '2003-10-17', '3947 Clemons Way', '170-961-8188');
insert into account (account_id, first_name, last_name, SSN, username, password, birthdate, address, phone) values ('4860937007', 'Allard', 'Yurshev', '474-48-5896', 'user1', 'user1', '2003-11-23', '3502 Merry Way', '786-591-3132');
insert into account (account_id, first_name, last_name, SSN, username, password, birthdate, address, phone) values ('3274032069', 'Jules', 'Schwandner', '810-42-9098', 'jschwandnerk', 'AqZUJMPOH4', '2000-07-20', '99190 Union Circle', '993-379-6349');
insert into account (account_id, first_name, last_name, SSN, username, password, birthdate, address, phone) values ('5676630337', 'Eolande', 'Jenman', '461-91-6753', 'ejenmanl', 'ld5cohyz', '2003-09-14', '01847 Continental Crossing', '267-772-6402');
insert into account (account_id, first_name, last_name, SSN, username, password, birthdate, address, phone) values ('1723315214', 'Alf', 'Wippermann', '327-09-0797', 'awippermannm', 'aUwu3w', '2001-12-06', '0 Warbler Place', '975-410-0477');
insert into account (account_id, first_name, last_name, SSN, username, password, birthdate, address, phone) values ('4452355633', 'Cirillo', 'Ashwell', '638-40-0402', 'dyurshevj', '7VjllVl5EX', '2003-10-06', '4418 Weeping Birch Pass', '689-156-0366');
insert into account (account_id, first_name, last_name, SSN, username, password, birthdate, address, phone, permissions) values ('8440983360', 'Clementina', 'Vokins', '222-46-3699', 'admin', 'admin', '2003-05-15', '5617 Artisan Street', '463-625-6440', 'admin');


insert into department (dept_id, dept_name) values ('AUME', 'Automotive and Mechatronics Engineering');
insert into department (dept_id, dept_name) values ('ECSO', 'Electrical, Computer, and Software Engineering');
insert into department (dept_id, dept_name) values ('ENNU', 'Energy and Nuclear Engineering');
insert into department (dept_id, dept_name) values ('MEMA', 'Mechanical and Manufacturing Engineering');

insert into student (stud_id, dept_id) values ('5902691885', 'AUME');
insert into student (stud_id, dept_id) values ('5564390059', 'AUME');
insert into student (stud_id, dept_id) values ('2171209771', 'AUME');
insert into student (stud_id, dept_id) values ('5132659241', 'AUME');
insert into student (stud_id, dept_id) values ('3137641683', 'AUME');
insert into student (stud_id, dept_id) values ('4708060114', 'ECSO');
insert into student (stud_id, dept_id) values ('9739199798', 'ECSO');
insert into student (stud_id, dept_id) values ('7215357600', 'ECSO');
insert into student (stud_id, dept_id) values ('7053741346', 'ECSO');
insert into student (stud_id, dept_id) values ('5724528932', 'ECSO');
insert into student (stud_id, dept_id) values ('7066730070', 'ENNU');
insert into student (stud_id, dept_id) values ('6826867346', 'ENNU');
insert into student (stud_id, dept_id) values ('5588752333', 'ENNU');
insert into student (stud_id, dept_id) values ('7887235359', 'ENNU');
insert into student (stud_id, dept_id) values ('9523577158', 'ENNU');
insert into student (stud_id, dept_id) values ('4471337491', 'MEMA');
insert into student (stud_id, dept_id) values ('7416758300', 'MEMA');
insert into student (stud_id, dept_id) values ('3325115756', 'MEMA');
insert into student (stud_id, dept_id) values ('5519434859', 'MEMA');
insert into student (stud_id, dept_id) values ('4860937007', 'MEMA');

insert into lecturer (lec_id, dept_id) values ('3274032069', 'AUME');
insert into lecturer (lec_id, dept_id) values ('5676630337', 'ECSO');
insert into lecturer (lec_id, dept_id) values ('1723315214', 'ENNU');
insert into lecturer (lec_id, dept_id) values ('4452355633', 'MEMA');

insert into course (course_id, course_name, dept_id, lec_id, credit, term, stud_limit) values ('MATH 1010U', 'Calculus I', 'AUME', '3274032069', 3, 'FALL', 100);
insert into course (course_id, course_name, dept_id, lec_id, credit, term, stud_limit) values ('MATH 1010U', 'Calculus I', 'ECSO', '3274032069', 3, 'FALL', 100);
insert into course (course_id, course_name, dept_id, lec_id, credit, term, stud_limit) values ('MATH 1010U', 'Calculus I', 'ENNU', '3274032069', 3, 'FALL', 100);
insert into course (course_id, course_name, dept_id, lec_id, credit, term, stud_limit) values ('MATH 1010U', 'Calculus I', 'MEMA', '3274032069', 3, 'FALL', 100);
insert into course (course_id, course_name, dept_id, lec_id, credit, term, stud_limit) values ('MATH 1020U', 'Calculus II', 'AUME', '3274032069', 3, 'WINTER', 100);
insert into course (course_id, course_name, dept_id, lec_id, credit, term, stud_limit) values ('MATH 1020U', 'Calculus II', 'ECSO', '3274032069', 3, 'WINTER', 100);
insert into course (course_id, course_name, dept_id, lec_id, credit, term, stud_limit) values ('MATH 1020U', 'Calculus II', 'ENNU', '3274032069', 3, 'WINTER', 100);
insert into course (course_id, course_name, dept_id, lec_id, credit, term, stud_limit) values ('MATH 1020U', 'Calculus II', 'MEMA', '3274032069', 3, 'WINTER', 100);
insert into course (course_id, course_name, dept_id, lec_id, credit, term, stud_limit) values ('MATH 1850U', 'Linear Algebra for Engineers', 'AUME', '5676630337', 3, 'FALL', 100);
insert into course (course_id, course_name, dept_id, lec_id, credit, term, stud_limit) values ('MATH 1850U', 'Linear Algebra for Engineers', 'ECSO', '5676630337', 3, 'FALL', 100);
insert into course (course_id, course_name, dept_id, lec_id, credit, term, stud_limit) values ('MATH 1850U', 'Linear Algebra for Engineers', 'ENNU', '5676630337', 3, 'FALL', 100);
insert into course (course_id, course_name, dept_id, lec_id, credit, term, stud_limit) values ('MATH 1850U', 'Linear Algebra for Engineers', 'MEMA', '5676630337', 3, 'FALL', 100);
insert into course (course_id, course_name, dept_id, lec_id, credit, term, stud_limit) values ('ENGR 1015U', 'Introduction to Engineering', 'AUME', '5676630337', 3, 'FALL', 100);
insert into course (course_id, course_name, dept_id, lec_id, credit, term, stud_limit) values ('ENGR 1015U', 'Introduction to Engineering', 'ECSO', '5676630337', 3, 'FALL', 100);
insert into course (course_id, course_name, dept_id, lec_id, credit, term, stud_limit) values ('ENGR 1015U', 'Introduction to Engineering', 'ENNU', '5676630337', 3, 'FALL', 100);
insert into course (course_id, course_name, dept_id, lec_id, credit, term, stud_limit) values ('ENGR 1015U', 'Introduction to Engineering', 'MEMA', '5676630337', 3, 'FALL', 100);
insert into course (course_id, course_name, dept_id, lec_id, credit, term, stud_limit) values ('ELEE 2790U', 'Electric Circuits', 'AUME', '1723315214', 3, 'WINTER', 100);
insert into course (course_id, course_name, dept_id, lec_id, credit, term, stud_limit) values ('ELEE 2790U', 'Electric Circuits', 'ECSO', '1723315214', 3, 'WINTER', 100);
insert into course (course_id, course_name, dept_id, lec_id, credit, term, stud_limit) values ('ELEE 2790U', 'Electric Circuits', 'ENNU', '1723315214', 3, 'WINTER', 100);
insert into course (course_id, course_name, dept_id, lec_id, credit, term, stud_limit) values ('ELEE 2790U', 'Electric Circuits', 'MEMA', '1723315214', 3, 'WINTER', 100);
insert into course (course_id, course_name, dept_id, lec_id, credit, term, stud_limit) values ('ELEE 2110U', 'Discrete Mathematics for Engineers', 'ECSO', '1723315214', 3, 'FALL', 100);
insert into course (course_id, course_name, dept_id, lec_id, credit, term, stud_limit) values ('SOFE 2710U', 'Object Oriented Programming and Design', 'ECSO', '1723315214', 3, 'FALL', 100);
insert into course (course_id, course_name, dept_id, lec_id, credit, term, stud_limit) values ('SOFE 2800U', 'Web Programming', 'ECSO', '4452355633', 3, 'FALL', 100);
insert into course (course_id, course_name, dept_id, lec_id, credit, term, stud_limit) values ('SOFE 2850U', 'Natural Foundations for Information Technology', 'ECSO', '4452355633', 3, 'FALL', 100);
insert into course (course_id, course_name, dept_id, lec_id, credit, term, stud_limit) values ('ELEE 2450U', 'Digital Systems', 'ECSO', '4452355633', 3, 'WINTER', 100);
insert into course (course_id, course_name, dept_id, lec_id, credit, term, stud_limit) values ('STAT 2800U', 'Statistics and Probability for Engineers', 'ECSO', '4452355633', 3, 'WINTER', 100);
insert into course (course_id, course_name, dept_id, lec_id, credit, term, stud_limit) values ('SOFE 2715U', 'Data Structures', 'ECSO', '4452355633', 3, 'WINTER', 100);

insert into prereq (course_id, prereq_id) values ('ELEE 2110U', 'MATH 1020U');
insert into prereq (course_id, prereq_id) values ('ELEE 2110U', 'MATH 1850U');
insert into prereq (course_id, prereq_id) values ('ELEE 2790U', 'MATH 1020U');
insert into prereq (course_id, prereq_id) values ('ELEE 2790U', 'MATH 1850U');
insert into prereq (course_id, prereq_id) values ('ELEE 2450U', 'ELEE 2110U');
insert into prereq (course_id, prereq_id) values ('STAT 2800U', 'MATH 1020U');
insert into prereq (course_id, prereq_id) values ('MATH 1020U', 'MATH 1010U');
insert into prereq (course_id, prereq_id) values ('SOFE 2715U', 'SOFE 2710U');

-- insert into course_enrollment (stud_id, course_id) values ('4860937007', 'ELEE 2790U');
-- insert into course_enrollment (stud_id, course_id) values ('4860937007', 'MATH 1020U');


